{"chunk_definitions":[{"row":13,"row_count":1,"visible":true,"expansion_state":0,"options":{"engine":"r","label":"unnamed-chunk-2"},"document_id":"8E1B1199","chunk_id":"c218hzgf64qeg","chunk_label":"unnamed-chunk-1"},{"row":17,"row_count":1,"visible":true,"expansion_state":0,"options":{"engine":"r","label":"unnamed-chunk-3"},"document_id":"8E1B1199","chunk_id":"crantx0ww7im8","chunk_label":"unnamed-chunk-2"},{"row":20,"row_count":1,"visible":true,"expansion_state":0,"options":{"engine":"r","label":"unnamed-chunk-4"},"document_id":"8E1B1199","chunk_id":"cutqr2v64oiua","chunk_label":"unnamed-chunk-3"},{"row":58,"row_count":1,"visible":true,"expansion_state":0,"options":{"engine":"r","label":"unnamed-chunk-13"},"document_id":"8E1B1199","chunk_id":"c6sl9zx323swc","chunk_label":"unnamed-chunk-4"},{"row":64,"row_count":1,"visible":true,"expansion_state":0,"options":{"engine":"r","label":"unnamed-chunk-14"},"document_id":"8E1B1199","chunk_id":"cozaetsxr85xj","chunk_label":"unnamed-chunk-5"},{"row":74,"row_count":1,"visible":true,"expansion_state":0,"options":{"engine":"r","label":"unnamed-chunk-16"},"document_id":"8E1B1199","chunk_id":"cllyw81d5vv1m","chunk_label":"unnamed-chunk-6"},{"row":85,"row_count":1,"visible":true,"expansion_state":0,"options":{"engine":"r","label":"unnamed-chunk-17"},"document_id":"8E1B1199","chunk_id":"cnnxxuzxj2mk8","chunk_label":"unnamed-chunk-7"},{"row":94,"row_count":1,"visible":true,"expansion_state":0,"options":{"engine":"r","label":"unnamed-chunk-18"},"document_id":"8E1B1199","chunk_id":"c67urwke4bacz","chunk_label":"unnamed-chunk-8"},{"row":105,"row_count":1,"visible":true,"expansion_state":0,"options":{"engine":"r","label":"unnamed-chunk-19"},"document_id":"8E1B1199","chunk_id":"cvctny0hxnu4q","chunk_label":"unnamed-chunk-9"},{"row":117,"row_count":1,"visible":true,"expansion_state":0,"options":{"engine":"r","label":"unnamed-chunk-20"},"document_id":"8E1B1199","chunk_id":"cdjtwgqqu4zk7","chunk_label":"unnamed-chunk-10"},{"row":131,"row_count":1,"visible":true,"expansion_state":0,"options":{"engine":"r","label":"unnamed-chunk-21"},"document_id":"8E1B1199","chunk_id":"c4mqd0385d4ht","chunk_label":"unnamed-chunk-11"},{"row":139,"row_count":1,"visible":true,"expansion_state":0,"options":{"engine":"r","label":"unnamed-chunk-22"},"document_id":"8E1B1199","chunk_id":"cp3tmefye3d2q","chunk_label":"unnamed-chunk-12"},{"row":148,"row_count":1,"visible":true,"expansion_state":0,"options":{"engine":"r","label":"unnamed-chunk-23"},"document_id":"8E1B1199","chunk_id":"c825kndrojfd2","chunk_label":"unnamed-chunk-13"},{"row":158,"row_count":1,"visible":true,"expansion_state":0,"options":{"engine":"r","label":"unnamed-chunk-24"},"document_id":"8E1B1199","chunk_id":"c9lxke3e7f2e0","chunk_label":"unnamed-chunk-14"},{"row":167,"row_count":1,"visible":true,"expansion_state":0,"options":{"engine":"r","label":"unnamed-chunk-25"},"document_id":"8E1B1199","chunk_id":"cy5zhxa2sfq1p","chunk_label":"unnamed-chunk-15"},{"row":177,"row_count":1,"visible":true,"expansion_state":0,"options":{"engine":"r","label":"unnamed-chunk-26"},"document_id":"8E1B1199","chunk_id":"cuzcuu2tklm8h","chunk_label":"unnamed-chunk-16"},{"row":190,"row_count":1,"visible":true,"expansion_state":0,"options":{"engine":"r","label":"unnamed-chunk-27"},"document_id":"8E1B1199","chunk_id":"c60z6htuhohqg","chunk_label":"unnamed-chunk-17"},{"row":195,"row_count":1,"visible":true,"expansion_state":0,"options":{"engine":"r","label":"unnamed-chunk-28"},"document_id":"8E1B1199","chunk_id":"cskh2ms4j03kq","chunk_label":"unnamed-chunk-18"},{"row":204,"row_count":1,"visible":true,"expansion_state":0,"options":{"engine":"r","label":"unnamed-chunk-29"},"document_id":"8E1B1199","chunk_id":"c4xph1dcd4qz9","chunk_label":"unnamed-chunk-19"},{"row":212,"row_count":1,"visible":true,"expansion_state":0,"options":{"engine":"r","label":"unnamed-chunk-30"},"document_id":"8E1B1199","chunk_id":"c1ofdkag33xf0","chunk_label":"unnamed-chunk-20"},{"row":216,"row_count":1,"visible":true,"expansion_state":0,"options":{"engine":"r","label":"unnamed-chunk-31"},"document_id":"8E1B1199","chunk_id":"clbgsfpiz9nnp","chunk_label":"unnamed-chunk-21"},{"row":223,"row_count":1,"visible":true,"expansion_state":0,"options":{"engine":"r","label":"unnamed-chunk-33"},"document_id":"8E1B1199","chunk_id":"c8ypj3vt3jgze","chunk_label":"unnamed-chunk-22"},{"row":226,"row_count":1,"visible":true,"expansion_state":0,"options":{"engine":"r","label":"unnamed-chunk-34"},"document_id":"8E1B1199","chunk_id":"chl6ynac4rn1b","chunk_label":"unnamed-chunk-23"},{"row":230,"row_count":1,"visible":true,"expansion_state":0,"options":{"engine":"r","label":"unnamed-chunk-35"},"document_id":"8E1B1199","chunk_id":"cly33l20y022d","chunk_label":"unnamed-chunk-24"},{"row":237,"row_count":1,"visible":true,"expansion_state":0,"options":{"engine":"r","label":"unnamed-chunk-37"},"document_id":"8E1B1199","chunk_id":"c4ye8obkc47mh","chunk_label":"unnamed-chunk-25"},{"row":242,"row_count":1,"visible":true,"expansion_state":0,"options":{"engine":"r","label":"unnamed-chunk-39"},"document_id":"8E1B1199","chunk_id":"cww4cpbrxgtpe","chunk_label":"unnamed-chunk-26"},{"row":247,"row_count":1,"visible":true,"expansion_state":0,"options":{"engine":"r","label":"unnamed-chunk-41"},"document_id":"8E1B1199","chunk_id":"cnm2w6kwtl163","chunk_label":"unnamed-chunk-27"},{"row":260,"row_count":1,"visible":true,"expansion_state":0,"options":{"engine":"r","label":"unnamed-chunk-44"},"document_id":"8E1B1199","chunk_id":"c85v6fqprcrs7","chunk_label":"unnamed-chunk-28"},{"row":264,"row_count":1,"visible":true,"expansion_state":0,"options":{"engine":"r","label":"unnamed-chunk-45"},"document_id":"8E1B1199","chunk_id":"cg8x039d54mez","chunk_label":"unnamed-chunk-29"},{"row":269,"row_count":1,"visible":true,"expansion_state":0,"options":{"engine":"r","label":"unnamed-chunk-46"},"document_id":"8E1B1199","chunk_id":"cdeb8e3ddpnxn","chunk_label":"unnamed-chunk-30"},{"row":273,"row_count":1,"visible":true,"expansion_state":0,"options":{"engine":"r","label":"unnamed-chunk-47"},"document_id":"8E1B1199","chunk_id":"cubvla9kgdamy","chunk_label":"unnamed-chunk-31"},{"row":278,"row_count":1,"visible":true,"expansion_state":0,"options":{"engine":"r","label":"unnamed-chunk-48"},"document_id":"8E1B1199","chunk_id":"clhs89dga7950","chunk_label":"unnamed-chunk-32"},{"row":289,"row_count":1,"visible":true,"expansion_state":0,"options":{"engine":"r","label":"unnamed-chunk-50"},"document_id":"8E1B1199","chunk_id":"chkfmfajaxzd6","chunk_label":"unnamed-chunk-33"},{"row":294,"row_count":1,"visible":true,"expansion_state":0,"options":{"engine":"r","label":"unnamed-chunk-51"},"document_id":"8E1B1199","chunk_id":"co72fcyjqm31e","chunk_label":"unnamed-chunk-34"},{"row":299,"row_count":1,"visible":true,"expansion_state":0,"options":{"engine":"r","label":"unnamed-chunk-52"},"document_id":"8E1B1199","chunk_id":"cu2oiz7y5lb08","chunk_label":"unnamed-chunk-35"},{"row":303,"row_count":1,"visible":true,"expansion_state":0,"options":{"engine":"r","label":"unnamed-chunk-53"},"document_id":"8E1B1199","chunk_id":"cgcxpbes77wwe","chunk_label":"unnamed-chunk-36"}],"doc_write_time":1666574239,"chunk_rendered_width":700}