{"chunk_definitions":[{"row":9,"row_count":1,"visible":true,"expansion_state":0,"options":{"engine":"r","label":"setup","include":false},"document_id":"1D4B1C79","chunk_id":"csetup_chunk","chunk_label":"setup"},{"row":17,"row_count":1,"visible":true,"expansion_state":0,"options":{"engine":"r","label":"unnamed-chunk-388"},"document_id":"1D4B1C79","chunk_id":"ctohsigc3u7rg","chunk_label":"unnamed-chunk-1"},{"row":21,"row_count":1,"visible":true,"expansion_state":0,"options":{"engine":"r","label":"unnamed-chunk-389"},"document_id":"1D4B1C79","chunk_id":"ciewzzomsgr6v","chunk_label":"unnamed-chunk-2"},{"row":24,"row_count":1,"visible":true,"expansion_state":0,"options":{"engine":"r","label":"unnamed-chunk-390"},"document_id":"1D4B1C79","chunk_id":"ca3aiy1a0ir83","chunk_label":"unnamed-chunk-3"},{"row":62,"row_count":1,"visible":true,"expansion_state":0,"options":{"engine":"r","label":"unnamed-chunk-399"},"document_id":"1D4B1C79","chunk_id":"cq3x44rarhim0","chunk_label":"unnamed-chunk-4"},{"row":68,"row_count":1,"visible":true,"expansion_state":0,"options":{"engine":"r","label":"unnamed-chunk-400"},"document_id":"1D4B1C79","chunk_id":"cbkx139q2a1q7","chunk_label":"unnamed-chunk-5"},{"row":78,"row_count":1,"visible":true,"expansion_state":0,"options":{"engine":"r","label":"unnamed-chunk-402"},"document_id":"1D4B1C79","chunk_id":"cu73ph8h7ftdd","chunk_label":"unnamed-chunk-6"},{"row":89,"row_count":1,"visible":true,"expansion_state":0,"options":{"engine":"r","label":"unnamed-chunk-362"},"document_id":"1D4B1C79","chunk_id":"cqkop9pyioxg4","chunk_label":"unnamed-chunk-7"},{"row":98,"row_count":1,"visible":true,"expansion_state":0,"options":{"engine":"r","label":"unnamed-chunk-363"},"document_id":"1D4B1C79","chunk_id":"cyd0dda7xxw5v","chunk_label":"unnamed-chunk-8"},{"row":109,"row_count":1,"visible":true,"expansion_state":0,"options":{"engine":"r","label":"unnamed-chunk-364"},"document_id":"1D4B1C79","chunk_id":"cho14kup6bdy7","chunk_label":"unnamed-chunk-9"},{"row":121,"row_count":1,"visible":true,"expansion_state":0,"options":{"engine":"r","label":"unnamed-chunk-365"},"document_id":"1D4B1C79","chunk_id":"ce9mpd6qvm2qk","chunk_label":"unnamed-chunk-10"},{"row":135,"row_count":1,"visible":true,"expansion_state":0,"options":{"engine":"r","label":"unnamed-chunk-442"},"document_id":"1D4B1C79","chunk_id":"cbnwd92bk573t","chunk_label":"unnamed-chunk-11"},{"row":143,"row_count":1,"visible":true,"expansion_state":0,"options":{"engine":"r","label":"unnamed-chunk-437"},"document_id":"1D4B1C79","chunk_id":"caj56a40gr69t","chunk_label":"unnamed-chunk-12"},{"row":152,"row_count":1,"visible":true,"expansion_state":0,"options":{"engine":"r","label":"unnamed-chunk-438"},"document_id":"1D4B1C79","chunk_id":"c3t4dhcnqzoac","chunk_label":"unnamed-chunk-13"},{"row":162,"row_count":1,"visible":true,"expansion_state":0,"options":{"engine":"r","label":"unnamed-chunk-439"},"document_id":"1D4B1C79","chunk_id":"cynk80dsdh3lg","chunk_label":"unnamed-chunk-14"},{"row":171,"row_count":1,"visible":true,"expansion_state":0,"options":{"engine":"r","label":"unnamed-chunk-440"},"document_id":"1D4B1C79","chunk_id":"c7o90gk6wcexo","chunk_label":"unnamed-chunk-15"},{"row":181,"row_count":1,"visible":true,"expansion_state":0,"options":{"engine":"r","label":"unnamed-chunk-441"},"document_id":"1D4B1C79","chunk_id":"c5dqiqlkilm5y","chunk_label":"unnamed-chunk-16"},{"row":194,"row_count":1,"visible":true,"expansion_state":0,"options":{"engine":"r","label":"unnamed-chunk-403"},"document_id":"1D4B1C79","chunk_id":"cncoup1ptcoxz","chunk_label":"unnamed-chunk-17"},{"row":199,"row_count":1,"visible":true,"expansion_state":0,"options":{"engine":"r","label":"unnamed-chunk-404"},"document_id":"1D4B1C79","chunk_id":"cf7aku5qwsv1i","chunk_label":"unnamed-chunk-18"},{"row":208,"row_count":1,"visible":true,"expansion_state":0,"options":{"engine":"r","label":"unnamed-chunk-446"},"document_id":"1D4B1C79","chunk_id":"c4wplr4i29x0u","chunk_label":"unnamed-chunk-19"},{"row":216,"row_count":1,"visible":true,"expansion_state":0,"options":{"engine":"r","label":"unnamed-chunk-467"},"document_id":"1D4B1C79","chunk_id":"c6f1mszjgarv6","chunk_label":"unnamed-chunk-20"},{"row":220,"row_count":1,"visible":true,"expansion_state":0,"options":{"engine":"r","label":"unnamed-chunk-468"},"document_id":"1D4B1C79","chunk_id":"cqdn7vgbogmot","chunk_label":"unnamed-chunk-21"},{"row":227,"row_count":1,"visible":true,"expansion_state":0,"options":{"engine":"r","label":"unnamed-chunk-470"},"document_id":"1D4B1C79","chunk_id":"c8u4umlhuuarx","chunk_label":"unnamed-chunk-22"},{"row":230,"row_count":1,"visible":true,"expansion_state":0,"options":{"engine":"r","label":"unnamed-chunk-493"},"document_id":"1D4B1C79","chunk_id":"cdspvfsnl3a09","chunk_label":"unnamed-chunk-23"},{"row":234,"row_count":1,"visible":true,"expansion_state":0,"options":{"engine":"r","label":"unnamed-chunk-492"},"document_id":"1D4B1C79","chunk_id":"cu4w6vuhi2s9k","chunk_label":"unnamed-chunk-24"},{"row":241,"row_count":1,"visible":true,"expansion_state":0,"options":{"engine":"r","label":"unnamed-chunk-480"},"document_id":"1D4B1C79","chunk_id":"cz4nyqrq2m7a8","chunk_label":"unnamed-chunk-25"},{"row":246,"row_count":1,"visible":true,"expansion_state":0,"options":{"engine":"r","label":"unnamed-chunk-488"},"document_id":"1D4B1C79","chunk_id":"cu5oin3oz0j9b","chunk_label":"unnamed-chunk-26"},{"row":251,"row_count":1,"visible":true,"expansion_state":0,"options":{"engine":"r","label":"unnamed-chunk-486"},"document_id":"1D4B1C79","chunk_id":"cz1e0m201cg17","chunk_label":"unnamed-chunk-27"},{"row":264,"row_count":1,"visible":true,"expansion_state":0,"options":{"engine":"r","label":"unnamed-chunk-501"},"document_id":"1D4B1C79","chunk_id":"ckhax585vogpj","chunk_label":"unnamed-chunk-28"},{"row":268,"row_count":1,"visible":true,"expansion_state":0,"options":{"engine":"r","label":"unnamed-chunk-502"},"document_id":"1D4B1C79","chunk_id":"cr1tma8xeyw9s","chunk_label":"unnamed-chunk-29"},{"row":273,"row_count":1,"visible":true,"expansion_state":0,"options":{"engine":"r","label":"unnamed-chunk-503"},"document_id":"1D4B1C79","chunk_id":"cztwtgaqr13sd","chunk_label":"unnamed-chunk-30"},{"row":277,"row_count":1,"visible":true,"expansion_state":0,"options":{"engine":"r","label":"unnamed-chunk-504"},"document_id":"1D4B1C79","chunk_id":"ct68ypmv80up2","chunk_label":"unnamed-chunk-31"},{"row":282,"row_count":1,"visible":true,"expansion_state":0,"options":{"engine":"r","label":"unnamed-chunk-495"},"document_id":"1D4B1C79","chunk_id":"c36waurkybz96","chunk_label":"unnamed-chunk-32"},{"row":293,"row_count":1,"visible":true,"expansion_state":0,"options":{"engine":"r","label":"unnamed-chunk-497"},"document_id":"1D4B1C79","chunk_id":"c5o6sjqyaeqc4","chunk_label":"unnamed-chunk-33"},{"row":298,"row_count":1,"visible":true,"expansion_state":0,"options":{"engine":"r","label":"unnamed-chunk-498"},"document_id":"1D4B1C79","chunk_id":"ccw3oxn3qmgrq","chunk_label":"unnamed-chunk-34"},{"row":303,"row_count":1,"visible":true,"expansion_state":0,"options":{"engine":"r","label":"unnamed-chunk-499"},"document_id":"1D4B1C79","chunk_id":"ckubygnnvmok0","chunk_label":"unnamed-chunk-35"},{"row":307,"row_count":1,"visible":true,"expansion_state":0,"options":{"engine":"r","label":"unnamed-chunk-500"},"document_id":"1D4B1C79","chunk_id":"cd6wxd4r2u79b","chunk_label":"unnamed-chunk-36"},{"row":318,"row_count":1,"visible":true,"expansion_state":0,"options":{"engine":"r","label":"setup","include":false},"document_id":"1D4B1C79","chunk_id":"csetup_chunk","chunk_label":"setup"}],"doc_write_time":1666573893,"chunk_rendered_width":700,"working_dir":null,"default_chunk_options":{"echo":true}}